dataset,architecture,seed,epochs_completed,best_epoch,test_accuracy,test_task_loss,test_concept_loss,final_train_loss,final_val_accuracy,final_val_task_loss
cebab,cbm,0,50,50,0.6151568975725281,0.9121186350350411,0.44192608220027424,1.2543178148912666,0.6264196054991034,0.904478805227616
cebab,cbm,1,50,48,0.6133806986382475,0.901192034716575,0.4496414685867784,1.2268863016759157,0.630005977286312,0.9006596717090573
cebab,cbm,2,50,50,0.6429840142095915,0.8761281127616313,0.452401054468361,1.2147712132293553,0.6306037059175135,0.8796807940107438
cebab,cem,0,50,4,0.6566015393724097,0.7902673381965777,0.3243956762928981,0.18767607127332184,0.6144650328750747,1.958198762481539
cebab,cem,1,50,3,0.6589698046181173,0.8068033531264062,0.3269312469902972,0.18565347091053483,0.5959354453078303,2.099162137800537
cebab,cem,2,50,4,0.6524570751924216,0.8010847201849879,0.32193632148616474,0.20133334450320825,0.6294082486551106,1.9080328091275385
civil_comments,cbm,0,50,44,0.7783,0.46754739985466004,0.2175600412706534,0.6512275466918945,0.7802,0.4707292969703674
civil_comments,cbm,1,50,42,0.7766,0.4677591816902161,0.22361119438608487,0.6491022602081299,0.785,0.46854960079193114
civil_comments,cbm,2,50,37,0.7786,0.4687526624202728,0.2244173389097055,0.6496326142311096,0.7892,0.46999813208580016
civil_comments,cem,0,50,3,0.7806,0.4625108585357666,0.21219025313357512,0.13514206612110138,0.764,1.6730490602493286
civil_comments,cem,1,50,2,0.7753,0.45903803758621214,0.21342640499820312,0.14386335868835448,0.7616,1.5967854530334473
civil_comments,cem,2,50,2,0.7797,0.45882395143508914,0.2153673683742682,0.13514954018592834,0.7596,1.6470368591308593
goemotions,cbm,0,50,22,0.6305851561039446,0.9023146449928976,0.197704662052726,0.8269624554115561,0.614746369979257,0.9776933449586562
goemotions,cbm,1,50,24,0.6326416152551879,0.9059331398140406,0.19429185993572862,0.8250504127576159,0.611917782387328,0.9963300873957646
goemotions,cbm,2,50,22,0.6266591886333894,0.9069583253518156,0.19991523935600705,0.8281553870491594,0.612860644917971,0.9829760572605936
goemotions,cem,0,50,2,0.6117031220788932,0.9207585609991052,0.11670375328499658,0.09025054403377876,0.5872147840844805,3.006788623618468
goemotions,cem,1,50,2,0.6113292204150308,0.9280774232204171,0.11565624785797857,0.09195128465590034,0.5940033943051103,2.9516050159178118
goemotions,cem,2,50,2,0.6133856795662741,0.9202075495655725,0.11649898543423079,0.08821998105380997,0.596077691872525,2.9493184722686023
imdb_cad,cbm,0,50,50,0.862,0.3176532459259033,0.5248657340705394,0.6364079904556275,0.88,0.3036643114089966
imdb_cad,cbm,1,50,50,0.868,0.3160214660167694,0.5226908684670926,0.6412911376953125,0.876,0.29953437924385073
imdb_cad,cbm,2,50,50,0.88,0.3142876479625702,0.5198939971178771,0.6452656154632568,0.872,0.3057816915512085
imdb_cad,cem,0,50,2,0.884,0.31947954845428467,0.49481903658807286,0.03647318005561829,0.896,0.6405448517799377
imdb_cad,cem,1,50,2,0.892,0.33284882616996764,0.4924416738897562,0.0381109274327755,0.894,0.6172291684150696
imdb_cad,cem,2,50,2,0.882,0.3192978937625885,0.5064454295188189,0.04065948975086212,0.892,0.6268620586395264
