dataset,architecture,n,test_accuracy_mean,test_task_loss_mean,test_concept_loss_mean,best_epoch_mean,final_train_loss_mean,final_val_accuracy_mean,final_val_task_loss_mean,test_accuracy_std,test_task_loss_std,test_concept_loss_std,best_epoch_std,final_train_loss_std,final_val_accuracy_std,final_val_task_loss_std
cebab,cbm,3,0.6238405368067891,0.8964795941710825,0.4479895350851379,49.333333333333336,1.2319917765988457,0.6290097629009762,0.8949397569824723,0.016602507821628653,0.018452228735285715,0.0054293576254174185,1.154700538379251,0.020261609792733046,0.0022629640748357597,0.013351906546916075
cebab,cbm-torch-mse,3,0.6151568975725281,0.5170416978423309,0.38790549788251294,49.666666666666664,0.84719656979589,0.6234309623430963,0.5179937055063903,0.02077300745156759,0.010762361950500308,0.009160471747792694,0.5773502691896263,0.006468372848822564,0.010625456565828612,0.007423581806150136
cebab,cem,3,0.6560094730609829,0.7993851371693239,0.3244210815897867,3.6666666666666665,0.19155429556235495,0.6132695756126719,1.9884645698032049,0.003296485709194825,0.008397998824733676,0.002497559662909105,0.5773502691896258,0.008529072440634396,0.016768392276276793,0.09909399270072791
civil_comments,cbm,3,0.7778333333333333,0.468019747988383,0.2218628581888146,41.0,0.649987473710378,0.7848,0.46975900994936626,0.0010785793124909139,0.0006434948017056282,0.0037480851540021734,3.605551275463989,0.0011061892229804735,0.004503332099679141,0.00110934818910564
civil_comments,cem,3,0.7785333333333333,0.46012428251902265,0.21366134216868216,2.3333333333333335,0.1380516549984614,0.7617333333333334,1.6389571241378784,0.002836077102854066,0.0020696055258910767,0.0016015342390082008,0.5773502691896258,0.005033084422076475,0.00220302821891442,0.03876849280746096
goemotions,cbm,3,0.629961986664174,0.9050687033862513,0.1973039204481539,22.666666666666668,0.8267227517394438,0.6131749324281853,0.9856664965383382,0.0030395085432186122,0.0024395449518746074,0.0028330274268578933,1.1547005383792517,0.0015663044804904464,0.0014402463055364473,0.009605253239618501
goemotions,cem,3,0.6121393406867327,0.9230145112616982,0.11628632885906864,2.0,0.09014060324782969,0.5924319567540386,2.9692373706016273,0.0010954319082225746,0.004393257507394086,0.0005551882735863709,0.0,0.0018680797293088049,0.004635714141050313,0.032540429050890336
imdb_cad,cbm,3,0.87,0.31598745330174766,0.522483533218503,50.0,0.640988247871399,0.876,0.3029934607346853,0.009165151389911688,0.0016830567611596777,0.0024923448819530896,0.0,0.004436573776915896,0.0040000000000000036,0.0031772249270131782
imdb_cad,cem,3,0.886,0.3238754227956136,0.4979020466655493,2.0,0.0384145324130853,0.894,0.6282120262781778,0.005291502622129186,0.007771726043544326,0.007493664409552391,0.0,0.0021096040396659335,0.0020000000000000018,0.011716316919653224
