dataset,model_kind,head_input,residual_dim,mix,cka_mean,cka_std,knn_mean,knn_std,cka_vis_mean,cka_vis_std,cka_invis_mean,cka_invis_std,intervened_agree_mean,intervened_agree_std,d_push_centered_mean,d_push_centered_std,cond_B_mean,cond_B_std,rel_change_z_mean,rel_change_z_std
cebab,cbm,logits,16,0.0,1.0,0.0,1.0,0.0,1.0000001192092896,0.0,1.0000000066227384,6.953875222333212e-08,1.0,0.0,1.3987223307291666e-05,1.0956883709980066e-05,1.0000000000000018,1.3755121145835177e-15,0.49973367982440525,0.4061969155237984
cebab,cbm,logits,16,0.5,0.9756449196073744,0.010143833920775426,0.7940555555555556,0.011353535915201843,1.0000001192092896,0.0,0.9423730770746866,0.018799354070444054,0.8294444444444444,0.022142217092644013,22.720709482828777,2.881545658424999,2.7467027120316208,0.21270932631943562,0.8281156354480319,0.2335860166584492
cebab,cbm,logits,16,1.0,0.9072486294640435,0.03884282664897382,0.6413333333333333,0.019811612756159003,1.0000001192092896,0.0,0.7908902631865607,0.06894384333313093,0.7155555555555555,0.049462387505839006,45.441426595052086,5.763094437487658,6.289921759534637,0.7556239512210663,1.3075964583290949,0.1936290251109266
cebab,cbm,logits,16,2.0,0.7951340013080173,0.06177735503653135,0.5123333333333333,0.01882485059701671,1.0000001192092896,0.0,0.6046222713258531,0.0868761150772539,0.5777777777777778,0.0691967805930626,90.88285064697266,11.526189086319294,19.752403129543897,2.9512174936340076,2.3899562093946667,0.26390042850382767
cebab,cbm,probs,0,0.0,1.0,0.0,1.0,0.0,1.0,0.0,1.0,0.0,1.0,0.0,0.0,0.0,1.0,0.0,0.0,0.0
cebab,cbm,probs,16,0.0,1.0000000132454767,7.163586766852818e-08,1.0,0.0,0.9999997615814209,0.0,0.9999999867545234,7.75878595849119e-08,1.0,0.0,1.4411078559027777e-05,1.1567055637779395e-05,1.0000000000000018,1.3755121145835177e-15,0.48424045907126534,0.39406484823832916
cebab,cem,emb,0,0.0,0.9999999867545234,7.163586766324955e-08,1.0,0.0,1.0,5.960464477408545e-08,0.9999999867545234,2.628317784960755e-08,1.0,0.0,2.966986762152778e-06,2.296476884969058e-06,1.0000000000000022,1.3018518929051675e-15,0.5068231688605415,0.40723841367061536
cebab,cem,emb,0,0.5,0.9662856194708083,0.006175797655232147,0.7542777777777778,0.017876505375616462,0.9592832326889038,0.010161365980181442,0.9584342506196764,0.008379132192775283,1.0,0.0,4.609425862630208e-06,6.743495761743043e-07,5.080307374600722,0.5048689870542793,1.20303432808982,0.16402477167892968
cebab,cem,emb,0,1.0,0.9021898110707601,0.01429573605290218,0.6355,0.020583670712484656,0.9279276132583618,0.01340954559645679,0.8754158284929063,0.02160939778232675,1.0,0.0,7.172425587972005e-06,1.0176522182800694e-06,15.047746434198732,1.9534041491659384,2.1544949875937567,0.12727956610526756
cebab,cem,emb,0,2.0,0.8504981597264608,0.014686075607267984,0.5705,0.0215,0.9130634930398729,0.008888434033872883,0.8080600168969896,0.023284920866672287,1.0,0.0,2.3133224911159938e-05,6.746421991328258e-06,54.4418532296522,7.783771866771595,4.164428313573201,0.2074072023559415
civil_comments,cbm,logits,16,0.0,0.9999999933772616,5.531076951281321e-08,1.0,0.0,0.9999999403953552,0.0,1.0000000264909532,5.2566355714951036e-08,1.0,0.0,5.510118272569444e-06,4.416289008283553e-06,1.0000000000000018,1.3755121145835177e-15,0.27282006210751003,0.22172832686736646
civil_comments,cbm,logits,16,0.5,0.9814349081781175,0.006105030659004226,0.857388888888889,0.006474844485476921,0.9999999403953552,0.0,0.8230755064222548,0.035671441365940075,0.9194444444444445,0.04011268848852913,16.10733445485433,7.131417138889309,2.936093594176054,0.2736524975868917,0.9282819761170281,0.18022480962871698
civil_comments,cbm,logits,16,1.0,0.9425347248713175,0.018170298982832254,0.7393333333333333,0.015512092057488564,0.9999999403953552,0.0,0.6393964621755812,0.06375191513276006,0.8333333333333334,0.09103570728016566,32.21467447280884,14.26283944850764,6.971482219410321,0.9846122282157247,1.7690445052252874,0.35050164153232183
civil_comments,cbm,logits,16,2.0,0.9147618015607198,0.019744504927489914,0.6300555555555555,0.025608158422225132,0.9999999403953552,0.0,0.5790537099043528,0.047644670589209855,0.7294444444444445,0.11389261511519429,64.42934078640408,28.525662321043473,22.42464840569264,3.8605814748755822,3.4972253110673694,0.6967272766593511
civil_comments,cbm,probs,0,0.0,0.9999998807907104,0.0,1.0,0.0,0.9999998807907104,0.0,1.0,0.0,1.0,0.0,0.0,0.0,1.0,0.0,0.0,0.0
civil_comments,cbm,probs,16,0.0,1.0000000132454767,3.973642983696087e-08,1.0,0.0,0.9999999403953552,0.0,1.00000003973643,5.960464479415868e-08,1.0,0.0,6.357828776041667e-06,5.0463701459209265e-06,1.0000000000000018,1.3755121145835177e-15,0.3000323441293504,0.24375567793879768
civil_comments,cem,emb,0,0.0,1.0000000662273831,6.282881219565472e-08,1.0,0.0,0.9945036172866821,0.0047398703385139315,0.9999505811267428,4.2210688929502426e-05,1.0,0.0,3.8809246487087675e-06,3.065505248142896e-06,1.000000000000002,1.231296898486158e-15,0.3748319347699483,0.30202178322341583
civil_comments,cem,emb,0,0.5,0.9810855786005656,0.006336314894978091,0.8377777777777778,0.014106982116825838,0.9675728612475925,0.012638305511792567,0.9785395397080315,0.008174840870778258,1.0,0.0,5.245208740234375e-06,1.4924984008728164e-06,4.40390435349469,0.37759266043265005,1.2261875205569797,0.15848138626626887
civil_comments,cem,emb,0,1.0,0.9616260064972771,0.007989391593791431,0.7567777777777778,0.020888260924367227,0.9505294693840874,0.013439231902175169,0.9578703244527181,0.009492075343313923,1.0,0.0,9.934107462565104e-06,2.3543834686279297e-06,12.448725956698022,1.4393431605459164,2.3258524735768638,0.3045342218277042
civil_comments,cem,emb,0,2.0,0.95117672946718,0.007318831955687281,0.6857777777777777,0.02101206663906346,0.9465013411309984,0.008782808109209896,0.946815119849311,0.008373044065683337,1.0,0.0,2.6709503597683375e-05,7.855071582266582e-06,44.097215830142424,5.721269898410521,4.590603060192532,0.6151579611099126
goemotions,cbm,logits,16,0.0,1.0,0.0,1.0,0.0,1.0,0.0,1.0000000198682149,5.960464476651875e-08,1.0,0.0,5.086263020833333e-06,3.844384073399806e-06,1.0000000000000018,1.3755121145835177e-15,0.19080846673912472,0.15396264240716168
goemotions,cbm,logits,16,0.5,0.9925484524832832,0.0028035085051918186,0.8857222222222223,0.009434349179696724,1.0,0.0,0.905569871266683,0.02417894150378263,0.8516666666666667,0.018371173070873832,8.11405642827352,1.7801166634098273,2.224775814227248,0.07119749820744913,0.45998166004816693,0.07308396857512109
goemotions,cbm,logits,16,1.0,0.9700955086284213,0.011610833049543997,0.7828333333333334,0.014611639196202486,1.0,0.0,0.681266102525923,0.0768629218484082,0.7366666666666667,0.030822070014844934,16.228111902872723,3.560232826070126,4.474619265441227,0.23937822289551897,0.8262699047724406,0.0920637902949988
goemotions,cbm,logits,16,2.0,0.9263107975323995,0.030152217197441187,0.6393888888888889,0.025961242480110835,1.0,0.0,0.5196491248077817,0.10060858748964983,0.5611111111111111,0.03407508050043476,32.4562136332194,7.120462081446957,12.715665653210344,0.9155919713953321,1.5996169249216716,0.1661871702097866
goemotions,cbm,probs,0,0.0,1.0,0.0,1.0,0.0,1.0,0.0,1.0,0.0,1.0,0.0,0.0,0.0,1.0,0.0,0.0,0.0
goemotions,cbm,probs,16,0.0,0.9999999867545234,3.9736429852573384e-08,1.0,0.0,1.0,0.0,1.0,5.960464478209823e-08,1.0,0.0,5.298190646701389e-06,4.241200785359171e-06,1.0000000000000018,1.3755121145835177e-15,0.17157826489872402,0.13820426212407952
goemotions,cem,emb,0,0.0,0.9999999337726169,6.282881219565472e-08,1.0,0.0,0.9991785354084439,0.0007992001391223804,0.9999424815177917,5.506761165312474e-05,1.0,0.0,1.0013580322265625e-05,7.781545601066393e-06,1.0000000000000036,1.616509124176106e-15,0.4844939642482334,0.3904039362284251
goemotions,cem,emb,0,0.5,0.9516222609413995,0.008290066911113761,0.830388888888889,0.005401260141032913,0.9349579546186659,0.020078274530026807,0.9437285396787856,0.008945098240206036,1.0,0.0,1.4066696166992188e-05,3.0251926280139733e-06,6.210875093238572,0.8702247831325379,1.1889262066947088,0.14954349081416074
goemotions,cem,emb,0,1.0,0.8656046787897745,0.014400344953514499,0.7087222222222223,0.008143675119038383,0.842116567823622,0.024997477274666176,0.841112905078464,0.015031784703045588,1.0,0.0,1.3788541158040365e-05,4.969755073946913e-06,19.445320133102516,3.4048356124413033,2.1514089107513428,0.1299329645964888
goemotions,cem,emb,0,2.0,0.8076274792353312,0.013612582564952576,0.6001666666666666,0.009692135987490028,0.7803797390725877,0.020173139753868495,0.7722605334387885,0.012802792727383423,1.0,0.0,1.9570191701253254e-05,4.148628859870334e-06,71.97787369854683,13.588433734247351,4.179015398025513,0.21341374567859772
imdb_cad,cbm,logits,16,0.0,1.0000000066227384,4.659509418886642e-08,1.0,0.0,1.0,0.0,1.0000000264909532,7.947285969268154e-08,1.0,0.0,3.0729505750868056e-06,2.4209890702132886e-06,1.0000000000000018,1.3755121145835177e-15,0.32621903551949394,0.27508011372051905
imdb_cad,cbm,logits,16,0.5,0.9990348749690585,0.0005594058317738942,0.8864444444444446,0.015746913277775325,1.0,0.0,0.9828316768010458,0.003617533172570519,0.9844444444444443,0.007264831572567792,3.3658528327941895,1.0411125488813089,2.4264786289586056,0.019502809348264292,0.6035711434152391,0.12772192245413816
imdb_cad,cbm,logits,16,1.0,0.9953470561239455,0.002091818002162248,0.7911666666666668,0.021676600286945368,1.0,0.0,0.9434773988193936,0.011358263852493713,0.9677777777777776,0.008700255424092133,6.731707784864637,2.082226071220031,5.160686744939577,0.06726661189863373,1.010745558473799,0.08355631413776485
imdb_cad,cbm,logits,16,2.0,0.9870614873038398,0.005107232431747277,0.6854444444444444,0.025393705475526374,1.0,0.0,0.9077901310390897,0.013514713689076212,0.9205555555555556,0.02686126910214365,13.46341684129503,4.164450495849306,15.352803742052437,0.26003415800743035,1.9106924268934462,0.08734979057489345
imdb_cad,cbm,probs,0,0.0,1.0,0.0,1.0,0.0,1.0,0.0,1.0,0.0,1.0,0.0,0.0,0.0,1.0,0.0,0.0,0.0
imdb_cad,cbm,probs,16,0.0,0.9999999867545234,3.973642984801354e-08,1.0,0.0,1.0,0.0,0.9999999867545234,1.0653143421055142e-07,1.0,0.0,3.3908420138888887e-06,2.7020772298177085e-06,1.0000000000000018,1.3755121145835177e-15,0.3624929553932614,0.30601766102963635
imdb_cad,cem,emb,0,0.0,1.0000000662273831,6.282881219565472e-08,1.0,0.0,1.0,5.1619136561553864e-08,0.9999999536408318,9.319018840327324e-08,1.0,0.0,8.212195502387153e-07,6.431903066729962e-07,1.000000000000003,1.7271017045521525e-15,0.4025021990140279,0.3229299424094904
imdb_cad,cem,emb,0,0.5,0.9945149885283576,0.0023536022033035127,0.8386666666666668,0.009953014618697213,0.9868370162116157,0.003875620426400151,0.9942569136619568,0.0024541707683657047,1.0,0.0,1.4238887363009983e-06,2.1990084271807127e-07,5.370886466637568,0.4070581779121557,1.2432882123523288,0.1247341118652566
imdb_cad,cem,emb,0,1.0,0.9901916119787428,0.0036022747098872552,0.7434444444444445,0.013295780450119423,0.9802182714144388,0.002891580272305839,0.9896582298808627,0.004115620455647643,1.0,0.0,2.8183890713585747e-06,8.107003569984651e-07,16.169877923895164,1.5756505080068701,2.3242713610331216,0.14886162170560072
imdb_cad,cem,emb,0,2.0,0.9886412223180135,0.003645613292889548,0.6897777777777777,0.010283819545501772,0.9777988923920525,0.0015072187080089653,0.9880467587047153,0.0043852794295679625,1.0,0.0,1.0479241609573364e-05,5.92631575546902e-06,58.9119425619392,6.2789633657346196,4.5556774669223365,0.26992003579181323
